tMin14-1,tAvg14-1,tMax14-1,tAmp14-1,hMin14-1,hAvg14-1,pre14-1,rDay14-1,hGrowth,cCLRI,shade,management,pCLRI
17.33,21.81,28.65,11.32,56.64,84.36,4.18,6,1,1.41,1,1,1.31
17.33,21.81,28.65,11.32,56.64,84.36,4.18,6,1,1.32,1,0,1.19
17.33,21.81,28.65,11.32,56.64,84.36,4.18,6,1,12.15,0,1,10.66
17.33,21.81,28.65,11.32,56.64,84.36,4.18,6,0,16.5,0,0,17.35
17.56,21.8,28.41,10.84,60.57,86.84,4.86,7,1,1.31,1,1,1.84
17.56,21.8,28.41,10.84,60.57,86.84,4.86,7,1,1.19,1,0,2.27
17.56,21.8,28.41,10.84,60.57,86.84,4.86,7,1,10.66,0,1,9.49
17.56,21.8,28.41,10.84,60.57,86.84,4.86,7,1,17.35,0,0,15.84
19.07,23.06,30.27,11.2,58.57,87.77,10.74,10,1,1.84,1,1,2.38
19.07,23.06,30.27,11.2,58.57,87.77,10.74,10,1,2.27,1,0,6.45
19.07,23.06,30.27,11.2,58.57,87.77,10.74,10,1,9.49,0,1,9.46
19.07,23.06,30.27,11.2,58.57,87.77,10.74,10,0,15.84,0,0,16.09
20.06,22.91,28.98,8.92,63.43,89.79,10.39,11,1,2.38,1,1,2.19
20.06,22.91,28.98,8.92,63.43,89.79,10.39,11,1,6.45,1,0,12.39
20.06,22.91,28.98,8.92,63.43,89.79,10.39,11,1,9.46,0,1,9.09
20.06,22.91,28.98,8.92,63.43,89.79,10.39,11,1,16.09,0,0,14.43
18.47,22.23,28.66,10.19,61.43,87.94,5.91,9,1,2.19,1,1,3.65
18.47,22.23,28.66,10.19,61.43,87.94,5.91,9,1,12.39,1,0,14.29
18.47,22.23,28.66,10.19,61.43,87.94,5.91,9,1,9.09,0,1,7.77
18.47,22.23,28.66,10.19,61.43,87.94,5.91,9,1,14.43,0,0,17.65
19.03,22.41,29.74,10.71,60.57,89.05,17.84,12,1,3.65,1,1,3.4
19.03,22.41,29.74,10.71,60.57,89.05,17.84,12,1,14.29,1,0,17.78
19.03,22.41,29.74,10.71,60.57,89.05,17.84,12,1,7.77,0,1,6.07
19.03,22.41,29.74,10.71,60.57,89.05,17.84,12,0,17.65,0,0,22.47
18.51,22.85,30.54,12.02,55.07,85.6,10.88,10,0,3.4,1,1,5.37
18.51,22.85,30.54,12.02,55.07,85.6,10.88,10,1,17.78,1,0,18.12
18.51,22.85,30.54,12.02,55.07,85.6,10.88,10,1,6.07,0,1,7.33
18.51,22.85,30.54,12.02,55.07,85.6,10.88,10,1,22.47,0,0,16.84
18.18,22.3,29.67,11.49,58.93,87.73,7.11,7,0,5.37,1,1,8.33
18.18,22.3,29.67,11.49,58.93,87.73,7.11,7,0,18.12,1,0,27.66
18.18,22.3,29.67,11.49,58.93,87.73,7.11,7,0,7.33,0,1,28.63
18.18,22.3,29.67,11.49,58.93,87.73,7.11,7,0,16.84,0,0,38.2
18.1,21.26,26.61,8.51,74.43,92.89,39.34,10,1,8.33,1,1,7.55
18.1,21.26,26.61,8.51,74.43,92.89,39.34,10,0,27.66,1,0,38.54
18.1,21.26,26.61,8.51,74.43,92.89,39.34,10,0,28.63,0,1,29.85
18.1,21.26,26.61,8.51,74.43,92.89,39.34,10,0,38.2,0,0,40.28
19.34,22.46,28.56,9.21,66.29,90.63,6.11,7,1,82.35,1,1,61.36
19.34,22.46,28.56,9.21,66.29,90.63,6.11,7,0,58.02,1,0,56.52
19.34,22.46,28.56,9.21,66.29,90.63,6.11,7,0,56.31,0,1,62.9
19.34,22.46,28.56,9.21,66.29,90.63,6.11,7,0,58.14,0,0,51.72
18.84,23.05,30.6,11.76,61.71,89.23,6.39,6,0,61.36,1,1,53.57
18.84,23.05,30.6,11.76,61.71,89.23,6.39,6,0,56.52,1,0,41.27
18.84,23.05,30.6,11.76,61.71,89.23,6.39,6,1,62.9,0,1,23.53
18.84,23.05,30.6,11.76,61.71,89.23,6.39,6,0,51.72,0,0,24.14
19.0,23.24,31.04,12.04,62.43,89.51,7.81,8,1,53.57,1,1,36.92
19.0,23.24,31.04,12.04,62.43,89.51,7.81,8,1,41.27,1,0,17.69
19.0,23.24,31.04,12.04,62.43,89.51,7.81,8,1,23.53,0,1,5.26
19.0,23.24,31.04,12.04,62.43,89.51,7.81,8,1,24.14,0,0,28.41
19.04,22.94,29.0,9.96,69.0,90.76,7.61,9,1,36.92,1,1,24.64
19.04,22.94,29.0,9.96,69.0,90.76,7.61,9,0,17.69,1,0,30.63
19.04,22.94,29.0,9.96,69.0,90.76,7.61,9,0,28.41,0,0,15.07
18.55,21.44,27.43,8.88,71.5,93.06,15.69,11,1,24.64,1,1,26.39
18.55,21.44,27.43,8.88,71.5,93.06,15.69,11,0,30.63,1,0,22.94
18.55,21.44,27.43,8.88,71.5,93.06,15.69,11,1,15.07,0,0,14.81
17.77,20.78,26.79,9.01,70.64,92.85,11.94,12,0,26.39,1,1,17.14
17.77,20.78,26.79,9.01,70.64,92.85,11.94,12,0,22.94,1,0,25.0
17.77,20.78,26.79,9.01,70.64,92.85,11.94,12,0,9.92,0,1,9.86
17.77,20.78,26.79,9.01,70.64,92.85,11.94,12,1,14.81,0,0,8.33
16.04,21.38,28.44,12.39,57.71,85.5,0.54,2,1,17.14,1,1,9.09
16.04,21.38,28.44,12.39,57.71,85.5,0.54,2,1,25.0,1,0,19.09
16.04,21.38,28.44,12.39,57.71,85.5,0.54,2,1,9.86,0,1,10.48
16.04,21.38,28.44,12.39,57.71,85.5,0.54,2,1,8.33,0,0,13.21
17.04,21.38,27.6,10.56,64.5,88.01,2.77,4,1,9.09,1,1,12.5
17.04,21.38,27.6,10.56,64.5,88.01,2.77,4,0,19.09,1,0,16.51
17.04,21.38,27.6,10.56,64.5,88.01,2.77,4,1,10.48,0,1,13.21
17.04,21.38,27.6,10.56,64.5,88.01,2.77,4,1,13.21,0,0,14.69
16.82,21.71,28.66,11.84,59.14,85.38,0.88,5,1,12.5,1,1,15.44
16.82,21.71,28.66,11.84,59.14,85.38,0.88,5,1,16.51,1,0,17.39
16.82,21.71,28.66,11.84,59.14,85.38,0.88,5,1,13.21,0,1,13.91
16.82,21.71,28.66,11.84,59.14,85.38,0.88,5,1,14.69,0,0,17.22
18.67,22.45,28.97,10.3,64.36,89.48,4.51,6,1,15.44,1,1,12.58
18.67,22.45,28.97,10.3,64.36,89.48,4.51,6,1,17.39,1,0,20.83
18.67,22.45,28.97,10.3,64.36,89.48,4.51,6,1,13.91,0,1,8.46
18.67,22.45,28.97,10.3,64.36,89.48,4.51,6,1,17.22,0,0,19.17
19.34,22.57,28.36,9.01,69.79,91.92,14.1,11,0,12.58,1,1,15.27
19.34,22.57,28.36,9.01,69.79,91.92,14.1,11,0,20.83,1,0,44.0
19.34,22.57,28.36,9.01,69.79,91.92,14.1,11,0,8.46,0,1,18.25
19.34,22.57,28.36,9.01,69.79,91.92,14.1,11,0,19.17,0,0,26.58
18.98,22.32,28.89,9.91,66.79,91.15,8.34,9,1,15.27,1,1,15.97
18.98,22.32,28.89,9.91,66.79,91.15,8.34,9,1,44.0,1,0,40.29
18.98,22.32,28.89,9.91,66.79,91.15,8.34,9,1,18.25,0,1,24.31
18.98,22.32,28.89,9.91,66.79,91.15,8.34,9,0,26.58,0,0,29.22
18.77,23.07,29.54,10.76,62.29,87.64,2.96,4,1,15.97,1,1,17.2
18.77,23.07,29.54,10.76,62.29,87.64,2.96,4,1,40.29,1,0,35.58
18.77,23.07,29.54,10.76,62.29,87.64,2.96,4,1,24.31,0,1,28.66
18.77,23.07,29.54,10.76,62.29,87.64,2.96,4,1,29.22,0,0,32.91
17.97,21.39,27.39,9.41,67.14,90.86,12.53,11,0,17.2,1,1,24.66
17.97,21.39,27.39,9.41,67.14,90.86,12.53,11,0,35.58,1,0,44.14
17.97,21.39,27.39,9.41,67.14,90.86,12.53,11,1,28.66,0,1,19.77
17.97,21.39,27.39,9.41,67.14,90.86,12.53,11,0,32.91,0,0,31.65
18.33,22.51,29.79,11.46,60.57,89.24,12.36,7,0,24.66,1,1,32.59
18.33,22.51,29.79,11.46,60.57,89.24,12.36,7,0,44.14,1,0,50.0
18.33,22.51,29.79,11.46,60.57,89.24,12.36,7,1,19.77,0,1,14.87
18.33,22.51,29.79,11.46,60.57,89.24,12.36,7,0,31.65,0,0,30.7
18.17,22.56,29.71,11.54,61.0,87.63,4.46,7,0,32.59,1,1,27.78
18.17,22.56,29.71,11.54,61.0,87.63,4.46,7,0,50.0,1,0,36.67
18.17,22.56,29.71,11.54,61.0,87.63,4.46,7,0,14.87,0,1,14.84
18.17,22.56,29.71,11.54,61.0,87.63,4.46,7,1,30.7,0,0,22.06
17.32,21.56,28.49,11.17,62.79,89.61,6.34,9,0,27.78,1,1,25.0
17.32,21.56,28.49,11.17,62.79,89.61,6.34,9,0,36.67,1,0,29.91
17.32,21.56,28.49,11.17,62.79,89.61,6.34,9,0,14.84,0,1,17.48
17.32,21.56,28.49,11.17,62.79,89.61,6.34,9,1,22.06,0,0,10.56
16.85,20.71,27.12,10.27,67.93,91.28,8.74,9,1,25.0,1,1,21.77
16.85,20.71,27.12,10.27,67.93,91.28,8.74,9,1,29.91,1,0,37.1
16.85,20.71,27.12,10.27,67.93,91.28,8.74,9,1,17.48,0,1,13.3
16.85,20.71,27.12,10.27,67.93,91.28,8.74,9,0,10.56,0,0,14.52
16.57,19.4,24.64,8.07,75.29,93.21,7.59,9,0,21.77,1,1,18.03
16.57,19.4,24.64,8.07,75.29,93.21,7.59,9,1,37.1,1,0,23.66
16.57,19.4,24.64,8.07,75.29,93.21,7.59,9,1,13.3,0,1,13.09
16.57,19.4,24.64,8.07,75.29,93.21,7.59,9,1,14.52,0,0,14.62
17.49,21.59,27.8,10.31,63.07,87.82,6.91,5,0,18.03,1,1,15.13
17.49,21.59,27.8,10.31,63.07,87.82,6.91,5,1,23.66,1,0,13.24
17.49,21.59,27.8,10.31,63.07,87.82,6.91,5,0,13.09,0,1,14.74
17.49,21.59,27.8,10.31,63.07,87.82,6.91,5,1,14.62,0,0,17.04
18.81,23.11,30.02,11.21,59.79,87.25,0.56,3,1,15.13,1,1,21.01
18.81,23.11,30.02,11.21,59.79,87.25,0.56,3,0,13.24,1,0,17.16
18.81,23.11,30.02,11.21,59.79,87.25,0.56,3,0,14.74,0,1,26.88
18.81,23.11,30.02,11.21,59.79,87.25,0.56,3,1,17.04,0,0,35.04
17.98,23.47,30.66,12.69,55.64,85.11,0.65,1,1,21.01,1,1,26.67
17.98,23.47,30.66,12.69,55.64,85.11,0.65,1,0,17.16,1,0,22.73
17.98,23.47,30.66,12.69,55.64,85.11,0.65,1,0,26.88,0,1,41.41
17.98,23.47,30.66,12.69,55.64,85.11,0.65,1,1,35.04,0,0,47.48
19.61,23.79,30.94,11.33,59.93,87.38,4.72,4,0,26.67,1,1,29.86
19.61,23.79,30.94,11.33,59.93,87.38,4.72,4,1,22.73,1,0,22.86
19.61,23.79,30.94,11.33,59.93,87.38,4.72,4,0,41.41,0,1,29.84
19.61,23.79,30.94,11.33,59.93,87.38,4.72,4,0,47.48,0,0,48.92
19.13,23.09,30.04,10.91,61.86,89.26,4.84,7,0,29.86,1,1,34.56
19.13,23.09,30.04,10.91,61.86,89.26,4.84,7,1,22.86,1,0,25.34
19.13,23.09,30.04,10.91,61.86,89.26,4.84,7,0,29.84,0,1,22.31
19.13,23.09,30.04,10.91,61.86,89.26,4.84,7,0,48.92,0,0,55.8
19.14,22.76,29.51,10.37,64.57,90.64,7.73,8,0,34.56,1,1,66.67
19.14,22.76,29.51,10.37,64.57,90.64,7.73,8,0,25.34,1,0,70.53
19.14,22.76,29.51,10.37,64.57,90.64,7.73,8,0,22.31,0,1,51.69
19.14,22.76,29.51,10.37,64.57,90.64,7.73,8,0,55.8,0,0,27.1
18.54,23.04,30.57,12.04,59.57,87.89,3.67,5,0,66.67,1,1,43.62
18.54,23.04,30.57,12.04,59.57,87.89,3.67,5,0,70.53,1,0,82.81
18.54,23.04,30.57,12.04,59.57,87.89,3.67,5,0,51.69,0,1,43.75
18.54,23.04,30.57,12.04,59.57,87.89,3.67,5,0,27.1,0,0,70.0
19.14,23.19,30.6,11.46,58.86,87.72,10.24,9,0,43.62,1,1,46.15
19.14,23.19,30.6,11.46,58.86,87.72,10.24,9,0,82.81,1,0,86.44
19.14,23.19,30.6,11.46,58.86,87.72,10.24,9,0,43.75,0,1,54.29
19.14,23.19,30.6,11.46,58.86,87.72,10.24,9,0,70.0,0,0,61.76
19.1,22.06,28.01,8.91,66.21,89.47,13.29,11,0,46.15,1,1,40.91
19.1,22.06,28.01,8.91,66.21,89.47,13.29,11,0,86.44,1,0,68.29
19.1,22.06,28.01,8.91,66.21,89.47,13.29,11,0,54.29,0,1,46.97
19.1,22.06,28.01,8.91,66.21,89.47,13.29,11,0,61.76,0,0,33.33
17.36,21.41,27.69,10.32,59.21,86.37,3.47,4,1,40.91,1,1,42.86
17.36,21.41,27.69,10.32,59.21,86.37,3.47,4,1,68.29,1,0,39.68
17.36,21.41,27.69,10.32,59.21,86.37,3.47,4,0,46.97,0,1,41.18
17.36,21.41,27.69,10.32,59.21,86.37,3.47,4,0,33.33,0,0,28.57
16.81,21.38,27.83,11.01,57.5,85.34,0.83,1,1,42.86,1,1,30.49
16.81,21.38,27.83,11.01,57.5,85.34,0.83,1,1,39.68,1,0,24.0
16.81,21.38,27.83,11.01,57.5,85.34,0.83,1,1,41.18,0,1,32.58
16.81,21.38,27.83,11.01,57.5,85.34,0.83,1,1,28.57,0,0,19.64
17.79,21.1,25.72,7.93,71.21,88.86,20.05,7,1,30.49,1,1,20.65
17.79,21.1,25.72,7.93,71.21,88.86,20.05,7,1,24.0,1,0,19.75
17.79,21.1,25.72,7.93,71.21,88.86,20.05,7,1,32.58,0,1,15.97
17.79,21.1,25.72,7.93,71.21,88.86,20.05,7,1,19.64,0,0,11.54
16.57,20.52,25.8,9.23,65.86,85.53,3.47,7,1,20.65,1,1,29.46
16.57,20.52,25.8,9.23,65.86,85.53,3.47,7,1,19.75,1,0,19.63
16.57,20.52,25.8,9.23,65.86,85.53,3.47,7,1,15.97,0,1,10.77
16.57,20.52,25.8,9.23,65.86,85.53,3.47,7,0,11.54,0,0,13.18
17.86,21.2,25.66,7.8,70.07,87.28,11.02,9,0,29.46,1,1,35.35
17.86,21.2,25.66,7.8,70.07,87.28,11.02,9,1,19.63,1,0,30.51
17.86,21.2,25.66,7.8,70.07,87.28,11.02,9,0,10.77,0,1,12.3
17.86,21.2,25.66,7.8,70.07,87.28,11.02,9,0,13.18,0,0,29.27
18.22,22.4,27.94,9.72,64.14,84.2,3.66,4,1,35.35,1,1,35.85
18.22,22.4,27.94,9.72,64.14,84.2,3.66,4,1,30.51,1,0,33.86
18.22,22.4,27.94,9.72,64.14,84.2,3.66,4,1,12.3,0,1,9.42
18.22,22.4,27.94,9.72,64.14,84.2,3.66,4,0,29.27,0,0,17.89
19.38,22.57,27.53,8.15,68.86,88.26,2.14,6,1,35.85,1,1,31.86
19.38,22.57,27.53,8.15,68.86,88.26,2.14,6,1,33.86,1,0,30.22
19.38,22.57,27.53,8.15,68.86,88.26,2.14,6,1,9.42,0,1,14.79
19.38,22.57,27.53,8.15,68.86,88.26,2.14,6,1,17.89,0,0,13.67
19.97,23.04,27.79,7.81,70.36,89.21,11.94,9,1,31.86,1,1,29.17
19.97,23.04,27.79,7.81,70.36,89.21,11.94,9,1,30.22,1,0,31.03
19.97,23.04,27.79,7.81,70.36,89.21,11.94,9,0,14.79,0,1,26.06
19.97,23.04,27.79,7.81,70.36,89.21,11.94,9,1,13.67,0,0,11.98
18.66,22.42,28.24,9.58,64.07,87.27,11.46,8,1,29.17,1,1,25.0
18.66,22.42,28.24,9.58,64.07,87.27,11.46,8,0,31.03,1,0,33.1
18.66,22.42,28.24,9.58,64.07,87.27,11.46,8,1,26.06,0,1,11.98
18.66,22.42,28.24,9.58,64.07,87.27,11.46,8,1,11.98,0,0,12.87
19.56,22.95,28.1,8.54,66.07,86.96,7.1,8,1,25.0,1,1,26.67
19.56,22.95,28.1,8.54,66.07,86.96,7.1,8,0,33.1,1,0,30.88
19.56,22.95,28.1,8.54,66.07,86.96,7.1,8,0,11.98,0,1,18.75
19.56,22.95,28.1,8.54,66.07,86.96,7.1,8,0,12.87,0,0,20.0
19.09,22.99,28.62,9.53,65.29,87.23,4.01,9,1,26.67,1,1,30.88
19.09,22.99,28.62,9.53,65.29,87.23,4.01,9,0,30.88,1,0,30.23
19.09,22.99,28.62,9.53,65.29,87.23,4.01,9,0,18.75,0,1,22.22
19.09,22.99,28.62,9.53,65.29,87.23,4.01,9,0,20.0,0,0,27.87
19.05,22.55,27.9,8.85,67.71,87.68,3.09,7,0,30.88,1,1,35.29
19.05,22.55,27.9,8.85,67.71,87.68,3.09,7,0,30.23,1,0,27.27
19.05,22.55,27.9,8.85,67.71,87.68,3.09,7,0,22.22,0,1,27.12
19.05,22.55,27.9,8.85,67.71,87.68,3.09,7,0,27.87,0,0,34.65
18.68,21.1,25.31,6.63,73.93,89.34,8.12,7,0,35.29,1,1,28.15
18.68,21.1,25.31,6.63,73.93,89.34,8.12,7,1,27.27,1,0,38.89
18.68,21.1,25.31,6.63,73.93,89.34,8.12,7,1,27.12,0,1,30.89
18.68,21.1,25.31,6.63,73.93,89.34,8.12,7,1,34.65,0,0,37.39
18.66,21.74,26.24,7.57,72.71,89.49,6.0,10,0,28.15,1,1,24.81
18.66,21.74,26.24,7.57,72.71,89.49,6.0,10,0,38.89,1,0,60.78
18.66,21.74,26.24,7.57,72.71,89.49,6.0,10,1,30.89,0,1,36.22
18.66,21.74,26.24,7.57,72.71,89.49,6.0,10,0,37.39,0,0,41.25
17.41,20.61,25.31,7.9,69.64,88.95,5.26,7,1,24.81,1,1,28.68
17.41,20.61,25.31,7.9,69.64,88.95,5.26,7,1,60.78,1,0,57.55
17.41,20.61,25.31,7.9,69.64,88.95,5.26,7,1,36.22,0,1,42.86
17.41,20.61,25.31,7.9,69.64,88.95,5.26,7,1,41.25,0,0,43.53
17.01,21.5,26.92,9.91,64.57,85.57,3.95,3,0,28.68,1,1,33.33
17.01,21.5,26.92,9.91,64.57,85.57,3.95,3,1,57.55,1,0,55.45
17.01,21.5,26.92,9.91,64.57,85.57,3.95,3,1,42.86,0,1,49.29
17.01,21.5,26.92,9.91,64.57,85.57,3.95,3,1,43.53,0,0,47.31
17.39,22.05,28.04,10.65,59.86,83.76,2.32,4,1,33.33,1,1,39.05
17.39,22.05,28.04,10.65,59.86,83.76,2.32,4,1,55.45,1,0,54.95
17.39,22.05,28.04,10.65,59.86,83.76,2.32,4,0,49.29,0,1,53.26
17.39,22.05,28.04,10.65,59.86,83.76,2.32,4,1,47.31,0,0,49.48
18.31,22.77,28.86,10.54,58.14,82.79,6.35,5,1,39.05,1,1,41.96
18.31,22.77,28.86,10.54,58.14,82.79,6.35,5,1,54.95,1,0,50.0
18.31,22.77,28.86,10.54,58.14,82.79,6.35,5,1,53.26,0,1,56.44
18.31,22.77,28.86,10.54,58.14,82.79,6.35,5,1,49.48,0,0,50.0
20.22,23.52,28.54,8.31,66.79,90.94,8.83,10,1,41.96,1,1,50.88
20.22,23.52,28.54,8.31,66.79,90.94,8.83,10,0,50.0,1,0,68.75
20.22,23.52,28.54,8.31,66.79,90.94,8.83,10,0,56.44,0,1,66.67
20.22,23.52,28.54,8.31,66.79,90.94,8.83,10,0,50.0,0,0,82.76
19.4,22.77,29.86,10.46,66.14,92.4,9.51,12,1,50.88,1,1,50.42
19.4,22.77,29.86,10.46,66.14,92.4,9.51,12,0,68.75,1,0,69.14
19.4,22.77,29.86,10.46,66.14,92.4,9.51,12,1,66.67,0,1,46.38
19.4,22.77,29.86,10.46,66.14,92.4,9.51,12,0,82.76,0,0,68.52
18.24,22.46,30.16,11.92,65.0,90.49,7.04,10,1,50.42,1,1,49.21
18.24,22.46,30.16,11.92,65.0,90.49,7.04,10,0,69.14,1,0,71.43
18.24,22.46,30.16,11.92,65.0,90.49,7.04,10,1,46.38,0,1,35.21
18.24,22.46,30.16,11.92,65.0,90.49,7.04,10,0,68.52,0,0,50.0
19.42,22.75,29.27,9.85,67.0,91.81,7.98,10,1,20.18,1,1,14.96
19.42,22.75,29.27,9.85,67.0,91.81,7.98,10,1,24.84,1,0,29.76
19.42,22.75,29.27,9.85,67.0,91.81,7.98,10,0,17.07,0,1,22.22
19.42,22.75,29.27,9.85,67.0,91.81,7.98,10,1,8.06,0,0,23.68
19.27,22.59,29.99,10.71,66.71,91.9,12.15,10,1,14.96,1,1,20.31
19.27,22.59,29.99,10.71,66.71,91.9,12.15,10,0,29.76,1,0,44.97
19.27,22.59,29.99,10.71,66.71,91.9,12.15,10,0,22.22,0,1,38.89
19.27,22.59,29.99,10.71,66.71,91.9,12.15,10,1,23.68,0,0,27.92
19.27,22.27,27.0,7.73,70.21,92.86,7.06,12,0,25.6,1,1,19.87
19.27,22.27,27.0,7.73,70.21,92.86,7.06,12,0,9.3,1,0,24.64
19.27,22.27,27.0,7.73,70.21,92.86,7.06,12,0,5.65,0,1,2.73
19.27,22.27,27.0,7.73,70.21,92.86,7.06,12,1,2.08,0,0,3.9
18.56,20.33,22.96,4.39,89.36,97.02,43.66,12,1,19.87,1,1,24.68
18.56,20.33,22.96,4.39,89.36,97.02,43.66,12,1,24.64,1,0,28.09
18.56,20.33,22.96,4.39,89.36,97.02,43.66,12,1,2.73,0,1,16.94
18.56,20.33,22.96,4.39,89.36,97.02,43.66,12,0,3.9,0,0,14.5
16.84,20.58,25.73,8.89,70.57,90.66,2.78,10,0,24.68,1,1,17.01
16.84,20.58,25.73,8.89,70.57,90.66,2.78,10,0,28.09,1,0,28.17
16.84,20.58,25.73,8.89,70.57,90.66,2.78,10,0,16.94,0,1,12.17
16.84,20.58,25.73,8.89,70.57,90.66,2.78,10,0,14.5,0,0,11.11
17.24,20.11,24.58,7.34,76.57,93.4,6.42,10,1,17.01,1,1,23.12
17.24,20.11,24.58,7.34,76.57,93.4,6.42,10,1,28.17,1,0,22.5
17.24,20.11,24.58,7.34,76.57,93.4,6.42,10,1,12.17,0,1,9.6
17.24,20.11,24.58,7.34,76.57,93.4,6.42,10,1,11.11,0,0,7.63
17.2,21.3,26.36,9.16,73.64,91.67,1.22,5,0,11.21,1,1,9.84
17.2,21.3,26.36,9.16,73.64,91.67,1.22,5,0,13.48,1,0,23.08
17.2,21.3,26.36,9.16,73.64,91.67,1.22,5,1,11.32,0,1,19.16
17.2,21.3,26.36,9.16,73.64,91.67,1.22,5,1,11.56,0,0,6.15
16.66,21.36,26.91,10.25,69.43,89.85,0.25,1,1,9.84,1,1,8.14
16.66,21.36,26.91,10.25,69.43,89.85,0.25,1,1,23.08,1,0,8.82
16.66,21.36,26.91,10.25,69.43,89.85,0.25,1,1,19.16,0,1,11.07
16.66,21.36,26.91,10.25,69.43,89.85,0.25,1,1,6.15,0,0,0.75
19.26,22.06,26.11,6.86,81.64,95.26,18.38,8,1,8.14,1,1,15.32
19.26,22.06,26.11,6.86,81.64,95.26,18.38,8,1,8.82,1,0,17.05
19.26,22.06,26.11,6.86,81.64,95.26,18.38,8,0,11.07,0,1,4.8
19.26,22.06,26.11,6.86,81.64,95.26,18.38,8,1,0.75,0,0,2.47
20.1,23.54,28.64,8.54,73.43,91.88,5.44,7,0,28.04,1,1,35.37
20.1,23.54,28.64,8.54,73.43,91.88,5.44,7,0,17.52,1,0,22.58
20.1,23.54,28.64,8.54,73.43,91.88,5.44,7,0,13.11,0,1,26.36
20.1,23.54,28.64,8.54,73.43,91.88,5.44,7,0,3.23,0,0,9.17
19.13,23.0,28.4,9.27,73.71,92.08,2.02,6,1,35.37,1,1,20.21
19.13,23.0,28.4,9.27,73.71,92.08,2.02,6,0,22.58,1,0,14.41
19.13,23.0,28.4,9.27,73.71,92.08,2.02,6,0,26.36,0,1,19.89
19.13,23.0,28.4,9.27,73.71,92.08,2.02,6,0,9.17,0,0,12.16
19.41,22.71,28.32,8.91,74.36,92.73,14.64,13,0,20.21,1,1,36.26
19.41,22.71,28.32,8.91,74.36,92.73,14.64,13,0,14.41,1,0,20.18
19.41,22.71,28.32,8.91,74.36,92.73,14.64,13,0,19.89,0,1,21.77
19.41,22.71,28.32,8.91,74.36,92.73,14.64,13,0,12.16,0,0,7.97
19.15,22.4,27.82,8.67,76.71,93.27,14.73,10,0,36.26,1,1,19.7
19.15,22.4,27.82,8.67,76.71,93.27,14.73,10,0,20.18,1,0,14.14
19.15,22.4,27.82,8.67,76.71,93.27,14.73,10,0,21.77,0,1,18.38
19.15,22.4,27.82,8.67,76.71,93.27,14.73,10,0,7.97,0,0,7.44
15.69,20.88,26.72,11.03,68.21,89.86,0.59,3,0,13.51,1,1,15.48
15.69,20.88,26.72,11.03,68.21,89.86,0.59,3,1,13.33,1,0,16.28
15.69,20.88,26.72,11.03,68.21,89.86,0.59,3,1,5.29,0,1,9.39
15.69,20.88,26.72,11.03,68.21,89.86,0.59,3,1,13.33,0,0,10.83
17.51,21.25,26.44,8.93,73.93,91.6,6.76,4,1,15.48,1,1,23.08
17.51,21.25,26.44,8.93,73.93,91.6,6.76,4,1,16.28,1,0,18.68
17.51,21.25,26.44,8.93,73.93,91.6,6.76,4,1,9.39,0,1,4.21
17.51,21.25,26.44,8.93,73.93,91.6,6.76,4,1,10.83,0,0,5.19
17.89,22.12,27.74,9.86,67.64,89.73,2.01,2,1,23.08,1,1,18.56
17.89,22.12,27.74,9.86,67.64,89.73,2.01,2,1,18.68,1,0,6.0
17.89,22.12,27.74,9.86,67.64,89.73,2.01,2,0,4.21,0,1,1.13
17.89,22.12,27.74,9.86,67.64,89.73,2.01,2,0,5.19,0,0,6.25
18.38,22.98,28.71,10.33,67.57,88.29,0.25,1,1,18.56,1,1,5.33
18.38,22.98,28.71,10.33,67.57,88.29,0.25,1,1,6.0,1,0,18.45
18.38,22.98,28.71,10.33,67.57,88.29,0.25,1,1,1.13,0,1,7.79
18.38,22.98,28.71,10.33,67.57,88.29,0.25,1,1,6.25,0,0,6.92
19.88,23.34,28.64,8.76,71.64,92.23,9.35,6,0,5.33,1,1,6.83
19.88,23.34,28.64,8.76,71.64,92.23,9.35,6,0,18.45,1,0,27.27
19.88,23.34,28.64,8.76,71.64,92.23,9.35,6,0,7.79,0,1,8.73
19.88,23.34,28.64,8.76,71.64,92.23,9.35,6,0,6.92,0,0,18.75
19.52,22.79,28.35,8.83,76.29,94.07,7.16,10,1,6.83,1,1,29.14
19.52,22.79,28.35,8.83,76.29,94.07,7.16,10,0,27.27,1,0,63.79
19.52,22.79,28.35,8.83,76.29,94.07,7.16,10,0,8.73,0,1,11.43
19.52,22.79,28.35,8.83,76.29,94.07,7.16,10,0,18.75,0,0,27.08
19.22,22.6,27.37,8.15,78.86,94.17,6.71,7,0,29.14,1,1,37.35
19.22,22.6,27.37,8.15,78.86,94.17,6.71,7,0,63.79,1,0,61.54
19.22,22.6,27.37,8.15,78.86,94.17,6.71,7,1,11.43,0,1,9.34
19.22,22.6,27.37,8.15,78.86,94.17,6.71,7,1,27.08,0,0,14.52
18.89,22.74,28.76,9.87,71.79,92.49,9.91,9,0,37.35,1,1,28.71
18.89,22.74,28.76,9.87,71.79,92.49,9.91,9,0,61.54,1,0,65.62
18.89,22.74,28.76,9.87,71.79,92.49,9.91,9,0,9.34,0,1,7.85
18.89,22.74,28.76,9.87,71.79,92.49,9.91,9,0,14.52,0,0,10.28
19.36,23.19,29.01,9.65,73.0,92.19,11.11,9,0,28.71,1,1,45.24
19.36,23.19,29.01,9.65,73.0,92.19,11.11,9,0,65.62,1,0,40.0
19.36,23.19,29.01,9.65,73.0,92.19,11.11,9,0,7.85,0,1,26.06
19.36,23.19,29.01,9.65,73.0,92.19,11.11,9,0,10.28,0,0,31.88
19.07,21.6,26.01,6.94,82.14,95.77,8.16,11,1,45.24,1,1,31.76
19.07,21.6,26.01,6.94,82.14,95.77,8.16,11,0,40.0,1,0,36.0
19.07,21.6,26.01,6.94,82.14,95.77,8.16,11,1,26.06,0,1,7.93
19.07,21.6,26.01,6.94,82.14,95.77,8.16,11,1,31.88,0,0,8.28
18.55,20.82,24.43,5.88,87.57,97.06,12.24,13,1,31.76,1,1,5.21
18.55,20.82,24.43,5.88,87.57,97.06,12.24,13,1,36.0,1,0,13.58
18.55,20.82,24.43,5.88,87.57,97.06,12.24,13,0,7.93,0,1,14.29
18.55,20.82,24.43,5.88,87.57,97.06,12.24,13,0,8.28,0,0,4.31
17.45,21.04,26.6,9.15,76.43,94.36,4.86,7,1,5.21,1,1,9.71
17.45,21.04,26.6,9.15,76.43,94.36,4.86,7,1,13.58,1,0,18.07
17.45,21.04,26.6,9.15,76.43,94.36,4.86,7,1,14.29,0,1,8.07
17.45,21.04,26.6,9.15,76.43,94.36,4.86,7,1,4.31,0,0,2.33
15.14,19.95,25.55,10.41,72.21,91.74,0.95,3,1,9.71,1,1,19.62
15.14,19.95,25.55,10.41,72.21,91.74,0.95,3,1,18.07,1,0,29.09
15.14,19.95,25.55,10.41,72.21,91.74,0.95,3,0,8.07,0,1,3.77
15.14,19.95,25.55,10.41,72.21,91.74,0.95,3,1,2.33,0,0,11.76
15.58,20.46,26.51,10.93,69.79,91.64,5.64,6,0,19.62,1,1,20.95
15.58,20.46,26.51,10.93,69.79,91.64,5.64,6,1,29.09,1,0,16.28
15.58,20.46,26.51,10.93,69.79,91.64,5.64,6,0,3.77,0,1,3.92
15.58,20.46,26.51,10.93,69.79,91.64,5.64,6,0,11.76,0,0,3.57
17.74,21.44,26.44,8.71,75.29,92.44,0.96,4,0,20.95,1,1,66.06
17.74,21.44,26.44,8.71,75.29,92.44,0.96,4,0,16.28,1,0,73.27
17.74,21.44,26.44,8.71,75.29,92.44,0.96,4,1,3.92,0,1,13.01
17.74,21.44,26.44,8.71,75.29,92.44,0.96,4,0,3.57,0,0,23.08
18.62,22.09,27.11,8.49,76.14,93.27,3.47,6,0,66.06,1,1,66.06
18.62,22.09,27.11,8.49,76.14,93.27,3.47,6,0,73.27,1,0,73.27
18.62,22.09,27.11,8.49,76.14,93.27,3.47,6,0,13.01,0,1,13.01
18.62,22.09,27.11,8.49,76.14,93.27,3.47,6,0,23.08,0,0,23.08
19.31,22.12,26.4,7.09,82.57,95.74,37.88,8,1,51.94,1,1,75.91
19.31,22.12,26.4,7.09,82.57,95.74,37.88,8,0,75.47,1,0,91.11
19.31,22.12,26.4,7.09,82.57,95.74,37.88,8,1,41.45,0,1,78.57
19.31,22.12,26.4,7.09,82.57,95.74,37.88,8,1,59.74,0,0,58.06
19.14,22.94,28.2,9.06,76.71,92.74,1.81,5,0,75.91,1,1,93.33
19.14,22.94,28.2,9.06,76.71,92.74,1.81,5,0,91.11,1,0,78.95
19.14,22.94,28.2,9.06,76.71,92.74,1.81,5,0,78.57,0,1,83.01
19.14,22.94,28.2,9.06,76.71,92.74,1.81,5,0,58.06,0,0,74.67
18.75,22.7,28.64,9.89,74.29,92.73,4.35,5,0,93.33,1,1,74.47
18.75,22.7,28.64,9.89,74.29,92.73,4.35,5,0,78.95,1,0,25.0
18.75,22.7,28.64,9.89,74.29,92.73,4.35,5,0,83.01,0,1,56.25
18.75,22.7,28.64,9.89,74.29,92.73,4.35,5,0,74.67,0,0,53.85
18.92,22.31,27.41,8.49,79.93,94.26,2.34,5,1,74.47,1,1,23.81
18.92,22.31,27.41,8.49,79.93,94.26,2.34,5,1,25.0,1,0,18.75
18.92,22.31,27.41,8.49,79.93,94.26,2.34,5,0,56.25,0,1,37.5
18.92,22.31,27.41,8.49,79.93,94.26,2.34,5,0,53.85,0,0,39.13
18.58,20.67,24.23,5.65,87.43,96.92,19.41,13,1,23.81,1,1,9.09
18.58,20.67,24.23,5.65,87.43,96.92,19.41,13,1,18.75,1,0,21.62
18.58,20.67,24.23,5.65,87.43,96.92,19.41,13,1,37.5,0,1,24.21
18.58,20.67,24.23,5.65,87.43,96.92,19.41,13,1,39.13,0,0,18.39
18.26,21.24,25.63,7.37,83.93,96.16,8.1,10,0,9.09,1,1,35.53
18.26,21.24,25.63,7.37,83.93,96.16,8.1,10,0,21.62,1,0,36.36
18.26,21.24,25.63,7.37,83.93,96.16,8.1,10,0,24.21,0,1,13.41
18.26,21.24,25.63,7.37,83.93,96.16,8.1,10,0,18.39,0,0,22.73
17.24,21.07,26.42,9.19,75.07,92.84,0.73,4,1,35.53,1,1,18.26
17.24,21.07,26.42,9.19,75.07,92.84,0.73,4,1,36.36,1,0,31.51
17.24,21.07,26.42,9.19,75.07,92.84,0.73,4,1,13.41,0,1,18.85
17.24,21.07,26.42,9.19,75.07,92.84,0.73,4,1,22.73,0,0,28.09
17.46,20.98,25.49,8.04,77.93,93.9,3.44,3,1,18.26,1,1,22.46
17.46,20.98,25.49,8.04,77.93,93.9,3.44,3,1,31.51,1,0,29.11
17.46,20.98,25.49,8.04,77.93,93.9,3.44,3,1,18.85,0,1,15.79
17.46,20.98,25.49,8.04,77.93,93.9,3.44,3,0,28.09,0,0,23.17
17.95,22.21,27.39,9.44,74.29,92.3,6.78,6,1,22.46,1,1,22.71
17.95,22.21,27.39,9.44,74.29,92.3,6.78,6,1,29.11,1,0,28.92
17.95,22.21,27.39,9.44,74.29,92.3,6.78,6,1,15.79,0,1,22.55
17.95,22.21,27.39,9.44,74.29,92.3,6.78,6,1,23.17,0,0,30.11
18.15,22.7,28.26,10.11,70.79,90.83,1.85,3,1,22.71,1,1,18.32
18.15,22.7,28.26,10.11,70.79,90.83,1.85,3,1,28.92,1,0,34.88
18.15,22.7,28.26,10.11,70.79,90.83,1.85,3,1,22.55,0,1,16.17
18.15,22.7,28.26,10.11,70.79,90.83,1.85,3,1,30.11,0,0,29.46
19.64,22.8,28.13,8.49,79.36,94.82,14.07,9,0,18.32,1,1,38.53
19.64,22.8,28.13,8.49,79.36,94.82,14.07,9,1,34.88,1,0,34.09
19.64,22.8,28.13,8.49,79.36,94.82,14.07,9,1,16.17,0,1,20.82
19.64,22.8,28.13,8.49,79.36,94.82,14.07,9,0,29.46,0,0,32.11
19.12,22.27,27.56,8.44,79.29,95.3,7.23,11,1,38.53,1,1,21.86
19.12,22.27,27.56,8.44,79.29,95.3,7.23,11,1,34.09,1,0,21.19
19.12,22.27,27.56,8.44,79.29,95.3,7.23,11,1,20.82,0,1,12.67
19.12,22.27,27.56,8.44,79.29,95.3,7.23,11,1,32.11,0,0,20.99
20.17,22.54,27.31,7.14,85.21,96.88,11.18,9,0,21.86,1,1,31.3
20.17,22.54,27.31,7.14,85.21,96.88,11.18,9,0,21.19,1,0,51.64
20.17,22.54,27.31,7.14,85.21,96.88,11.18,9,0,12.67,0,1,32.67
20.17,22.54,27.31,7.14,85.21,96.88,11.18,9,0,20.99,0,0,41.38
19.5,22.93,28.33,8.83,76.14,94.46,7.92,8,0,31.3,1,1,37.62
19.5,22.93,28.33,8.83,76.14,94.46,7.92,8,0,51.64,1,0,57.65
19.5,22.93,28.33,8.83,76.14,94.46,7.92,8,1,32.67,0,1,38.49
19.5,22.93,28.33,8.83,76.14,94.46,7.92,8,0,41.38,0,0,32.91
20.14,23.27,28.41,8.27,77.43,94.61,11.66,9,0,37.62,1,1,39.42
20.14,23.27,28.41,8.27,77.43,94.61,11.66,9,0,57.65,1,0,60.0
20.14,23.27,28.41,8.27,77.43,94.61,11.66,9,0,38.49,0,1,36.84
20.14,23.27,28.41,8.27,77.43,94.61,11.66,9,0,32.91,0,0,30.6
19.88,23.04,27.81,7.93,81.21,94.98,6.94,7,0,39.42,1,1,77.65
19.88,23.04,27.81,7.93,81.21,94.98,6.94,7,1,60.0,1,0,44.44
19.88,23.04,27.81,7.93,81.21,94.98,6.94,7,0,36.84,0,1,52.02
19.88,23.04,27.81,7.93,81.21,94.98,6.94,7,1,30.6,0,0,41.38
18.52,22.28,26.86,8.34,77.21,94.04,11.9,7,1,77.65,1,1,44.44
18.52,22.28,26.86,8.34,77.21,94.04,11.9,7,1,44.44,1,0,39.47
18.52,22.28,26.86,8.34,77.21,94.04,11.9,7,0,52.02,0,1,57.03
18.52,22.28,26.86,8.34,77.21,94.04,11.9,7,1,41.38,0,0,49.67
17.26,21.54,26.82,9.56,65.71,89.8,1.24,4,1,44.44,1,1,7.32
17.26,21.54,26.82,9.56,65.71,89.8,1.24,4,0,39.47,1,0,25.0
17.26,21.54,26.82,9.56,65.71,89.8,1.24,4,0,57.03,0,1,29.75
17.26,21.54,26.82,9.56,65.71,89.8,1.24,4,1,49.67,0,0,35.71
17.07,20.9,26.03,8.96,56.14,86.1,4.19,6,0,7.32,1,1,27.27
17.07,20.9,26.03,8.96,56.14,86.1,4.19,6,1,25.0,1,0,27.96
17.07,20.9,26.03,8.96,56.14,86.1,4.19,6,1,29.75,0,1,22.22
17.07,20.9,26.03,8.96,56.14,86.1,4.19,6,0,35.71,0,0,37.32
16.95,21.56,27.05,10.1,49.21,83.12,0.53,2,0,27.27,1,1,22.52
16.95,21.56,27.05,10.1,49.21,83.12,0.53,2,0,27.96,1,0,36.05
16.95,21.56,27.05,10.1,49.21,83.12,0.53,2,0,22.22,0,1,19.44
16.95,21.56,27.05,10.1,49.21,83.12,0.53,2,0,37.32,0,0,43.09
20.29,23.63,28.31,8.02,59.71,88.25,7.67,5,1,23.08,1,1,29.57
20.29,23.63,28.31,8.02,59.71,88.25,7.67,5,1,14.74,1,0,17.92
20.29,23.63,28.31,8.02,59.71,88.25,7.67,5,0,28.19,0,1,35.11
20.29,23.63,28.31,8.02,59.71,88.25,7.67,5,0,56.85,0,0,39.36
21.09,23.7,28.16,7.06,66.21,91.66,11.85,12,0,29.57,1,1,36.76
21.09,23.7,28.16,7.06,66.21,91.66,11.85,12,1,17.92,1,0,22.4
21.09,23.7,28.16,7.06,66.21,91.66,11.85,12,0,35.11,0,1,36.59
21.09,23.7,28.16,7.06,66.21,91.66,11.85,12,0,39.36,0,0,55.32
19.22,22.77,28.0,8.78,60.93,89.28,9.56,10,0,56.79,1,1,80.43
19.22,22.77,28.0,8.78,60.93,89.28,9.56,10,0,70.75,1,0,96.08
19.22,22.77,28.0,8.78,60.93,89.28,9.56,10,0,67.35,0,1,62.86
19.22,22.77,28.0,8.78,60.93,89.28,9.56,10,0,12.5,0,0,48.15
21.67,24.12,28.67,7.0,61.86,88.88,4.24,8,0,80.43,1,1,48.89
21.67,24.12,28.67,7.0,61.86,88.88,4.24,8,0,96.08,1,0,91.67
21.67,24.12,28.67,7.0,61.86,88.88,4.24,8,0,62.86,0,1,34.62
21.67,24.12,28.67,7.0,61.86,88.88,4.24,8,1,48.15,0,0,18.18
